week_start,top_topics,news_top_topic,tweet_topics_sorted,tweets_top_topic,top_10_tweet_topics,news_topics_sorted,news_in_tweet_rank
2024-06-01,"[(-1, 0.5201032), (75, 0.494546), (0, 0.4901898), (15, 0.4610842), (38, 0.4524753), (28, 0.43709385), (50, 0.42263094), (70, 0.42222235), (11, 0.42117223), (77, 0.4128002), (13, 0.412471), (40, 0.41141123), (17, 0.39560446), (62, 0.39429983), (84, 0.39417535), (48, 0.39303303), (1, 0.3871844), (67, 0.38642406), (72, 0.38630974), (19, 0.38582695), (10, 0.38551202), (29, 0.38365465), (4, 0.3814009), (76, 0.3807471), (34, 0.3739223), (52, 0.37308016), (7, 0.37212002), (8, 0.3703038), (71, 0.3679317), (5, 0.3667472), (12, 0.3651589), (37, 0.3637516), (78, 0.3608804), (33, 0.3587168), (3, 0.3557779), (65, 0.3552411), (21, 0.3516217), (16, 0.3510603), (2, 0.3509871), (55, 0.34955052), (42, 0.34935576), (46, 0.34880975), (9, 0.34836864), (14, 0.3460556), (81, 0.3438929), (24, 0.33967268), (45, 0.3386217), (56, 0.33515754), (74, 0.3335322), (57, 0.3334555), (6, 0.32879162), (36, 0.32468885), (43, 0.3244489), (64, 0.31949914), (25, 0.31800434), (68, 0.31529522), (41, 0.31358394), (51, 0.31329086), (22, 0.31026742), (49, 0.30594686), (73, 0.29903418), (23, 0.28864828), (53, 0.28750688), (83, 0.2868298), (63, 0.2811923), (54, 0.27892834), (26, 0.2772001), (30, 0.2712515), (35, 0.26509255), (60, 0.26355475), (47, 0.25925285), (61, 0.25584087), (32, 0.25118518), (31, 0.2510282), (18, 0.24999213), (59, 0.24927253), (82, 0.24914089), (58, 0.24518374), (79, 0.24263762), (69, 0.2373476), (66, 0.23150586), (44, 0.21345538), (80, 0.1967507), (20, 0.12759827), (27, 0.12633114), (39, 0.09470078)]",-1,"[55, 1, 4, 3, 26, 31, 35, 16, 79, 20, 74, 56, 5, 18, 19, 11, 40, 33, 24, 29, 41, 62, 67, 47, 50, 78, 12, 46, 75, 7, 22, 28, 34, 37, 44, 65, 2, 6, 9, 17, 25, 42, 57, 82, 84, 36, 38, 43, 52, 60, 70, 71, 8, 15, 21, 23, 27, 30, 53, 58, 64, 77, 32, 39, 48, 51, 54, 66, 68, 73, 80, 81, 83]",55,"55, 1, 4, 3, 26, 31, 35, 16, 79, 20","[-1, 75, 0, 15, 38, 28, 50, 70, 11, 77, 13, 40, 17, 62, 84, 48, 1, 67, 72, 19, 10, 29, 4, 76, 34, 52, 7, 8, 71, 5, 12, 37, 78, 33, 3, 65, 21, 16, 2, 55, 42, 46, 9, 14, 81, 24, 45, 56, 74, 57, 6, 36, 43, 64, 25, 68, 41, 51, 22, 49, 73, 23, 53, 83, 63, 54, 26, 30, 35, 60, 47, 61, 32, 31, 18, 59, 82, 58, 79, 69, 66, 44, 80, 20, 27, 39]",
2024-06-08,"[(38, 0.4571787), (58, 0.44612607), (0, 0.43518513), (74, 0.42996117), (-1, 0.4208404), (18, 0.41288), (78, 0.40390486), (55, 0.39148718), (36, 0.38104045), (9, 0.37980923), (75, 0.37671286), (43, 0.3674655), (1, 0.35197678), (24, 0.3485524), (84, 0.34344333), (28, 0.3400811), (15, 0.33664572), (81, 0.33649832), (8, 0.32782382), (70, 0.32609338), (3, 0.32021806), (52, 0.31741455), (53, 0.31541342), (41, 0.3118567), (62, 0.30503714), (7, 0.30454367), (71, 0.30383563), (17, 0.30363464), (56, 0.3012177), (11, 0.29956383), (16, 0.29900187), (35, 0.29696453), (22, 0.29644644), (6, 0.29598743), (65, 0.28808153), (51, 0.2829813), (29, 0.28141797), (21, 0.28052354), (14, 0.2794211), (13, 0.2781058), (4, 0.27515075), (26, 0.2712794), (46, 0.27055675), (49, 0.26981962), (5, 0.26880038), (45, 0.26798472), (12, 0.26569828), (19, 0.2614439), (42, 0.25710803), (50, 0.25657415), (76, 0.2549178), (77, 0.25392532), (67, 0.24980035), (48, 0.2473124), (34, 0.24299186), (10, 0.23887607), (63, 0.23731989), (57, 0.23724598), (47, 0.2344656), (2, 0.23185489), (37, 0.22944053), (79, 0.22528778), (83, 0.22377646), (72, 0.21821927), (32, 0.21662474), (68, 0.21474051), (33, 0.21314768), (73, 0.21171433), (54, 0.2095901), (30, 0.2073538), (40, 0.20396647), (80, 0.18938617), (23, 0.18848975), (59, 0.18844241), (31, 0.18625313), (25, 0.18426651), (60, 0.17706195), (61, 0.175679), (69, 0.16966933), (64, 0.16653696), (82, 0.16495398), (66, 0.16474496), (44, 0.11883296), (20, 0.11686596), (39, 0.08413432), (27, 0.025034409)]",38,"[2, 5, 55, 79, 1, 4, 40, 3, 16, 24, 26, 31, 35, 12, 57, 84, 6, 20, 25, 36, 38, 41, 50, 83, 7, 9, 11, 13, 18, 39, 43, 44, 49, 53, 54, 58, 63, 70, 74, 76, 78, 15, 17, 19, 28, 34, 42, 46, 47, 52, 60, 61, 66, 67, 75, 77, 81]",2,"2, 5, 55, 79, 1, 4, 40, 3, 16, 24","[38, 58, 0, 74, -1, 18, 78, 55, 36, 9, 75, 43, 1, 24, 84, 28, 15, 81, 8, 70, 3, 52, 53, 41, 62, 7, 71, 17, 56, 11, 16, 35, 22, 6, 65, 51, 29, 21, 14, 13, 4, 26, 46, 49, 5, 45, 12, 19, 42, 50, 76, 77, 67, 48, 34, 10, 63, 57, 47, 2, 37, 79, 83, 72, 32, 68, 33, 73, 54, 30, 40, 80, 23, 59, 31, 25, 60, 61, 69, 64, 82, 66, 44, 20, 39, 27]",21.0
2024-06-15,"[(4, 0.37268823), (11, 0.3568845), (41, 0.32779747), (36, 0.3253289), (55, 0.3137157), (0, 0.30796677), (24, 0.30105606), (-1, 0.28749633), (74, 0.2874514), (78, 0.2854449), (38, 0.2840312), (32, 0.272073), (28, 0.26880395), (19, 0.26039073), (56, 0.24823801), (81, 0.23831686), (21, 0.2364475), (70, 0.23615992), (15, 0.23419796), (1, 0.23368293), (8, 0.23263147), (26, 0.23214403), (13, 0.23119116), (9, 0.22925963), (79, 0.2268759), (40, 0.225207), (58, 0.22427121), (37, 0.22339173), (50, 0.2227274), (71, 0.22264236), (65, 0.22060287), (10, 0.21610335), (7, 0.21484745), (16, 0.2137397), (17, 0.21279603), (35, 0.21183318), (43, 0.21079288), (45, 0.20747647), (72, 0.20597273), (52, 0.19715755), (77, 0.1947763), (76, 0.19431323), (34, 0.19234292), (2, 0.18503068), (12, 0.18363619), (29, 0.18117452), (57, 0.1810366), (18, 0.1797621), (68, 0.17901187), (53, 0.1786019), (49, 0.17465332), (64, 0.17342257), (75, 0.1725392), (30, 0.1686633), (33, 0.16340679), (62, 0.16269824), (51, 0.16016982), (14, 0.15977457), (60, 0.1582138), (6, 0.15431835), (42, 0.15080795), (73, 0.14833848), (31, 0.14706635), (83, 0.14667584), (59, 0.14561506), (3, 0.1428642), (48, 0.14117752), (47, 0.14086089), (46, 0.1394771), (61, 0.13937306), (25, 0.13935763), (22, 0.13798094), (66, 0.13296507), (5, 0.13111755), (63, 0.12822707), (23, 0.118833125), (80, 0.11439115), (67, 0.11060735), (82, 0.1100814), (54, 0.09862679), (84, 0.08263117), (69, 0.06356996), (44, 0.050447315), (20, 0.039109908), (27, 0.015636003), (39, 0.012626023)]",4,"[40, 35, 5, 2, 3, 4, 16, 31, 24, 55, 46, 34, 21, 36, 1, 20, 42, 47, 77, 6, 11, 33, 81, 17, 19, 84, 26, 37, 58, 64, 25, 28, 79, 7, 18, 38, 44, 50, 9, 78, 12, 15, 27, 43, 76, 57, 72, 22, 32, 60, 74, 83, 30, 62, 65, 75, 39, 41, 45, 54, 61, 10, 23, 52, 63, 68, 71, 82, 8, 53, 56, 66, 67, 73, 80, 29, 59, 70, 13, 14, 48, 51]",40,"40, 35, 5, 2, 3, 4, 16, 31, 24, 55","[4, 11, 41, 36, 55, 0, 24, -1, 74, 78, 38, 32, 28, 19, 56, 81, 21, 70, 15, 1, 8, 26, 13, 9, 79, 40, 58, 37, 50, 71, 65, 10, 7, 16, 17, 35, 43, 45, 72, 52, 77, 76, 34, 2, 12, 29, 57, 18, 68, 53, 49, 64, 75, 30, 33, 62, 51, 14, 60, 6, 42, 73, 31, 83, 59, 3, 48, 47, 46, 61, 25, 22, 66, 5, 63, 23, 80, 67, 82, 54, 84, 69, 44, 20, 27, 39]",6.0
2024-06-22,"[(55, 0.48059952), (74, 0.44787613), (38, 0.38435185), (0, 0.37137836), (58, 0.3705993), (78, 0.36083603), (-1, 0.35740796), (56, 0.3308525), (1, 0.31416354), (17, 0.30965048), (3, 0.30768064), (35, 0.30680048), (70, 0.30335277), (6, 0.30313474), (18, 0.2992118), (43, 0.29796702), (75, 0.29569703), (19, 0.2947539), (2, 0.284779), (11, 0.28431216), (36, 0.2808323), (57, 0.27821082), (16, 0.27730379), (62, 0.27661484), (9, 0.27432948), (24, 0.2732763), (26, 0.27127412), (52, 0.27011168), (41, 0.26819327), (48, 0.2634529), (15, 0.26206818), (53, 0.25964224), (14, 0.25582835), (7, 0.2537793), (12, 0.25083682), (79, 0.24310842), (45, 0.23991227), (5, 0.23733024), (65, 0.23622447), (28, 0.23579693), (8, 0.2321313), (32, 0.22771496), (71, 0.22393242), (64, 0.22354074), (50, 0.22207347), (81, 0.2219165), (22, 0.22074395), (59, 0.21543567), (10, 0.21373849), (4, 0.211833), (34, 0.21098709), (51, 0.20994407), (40, 0.20752849), (77, 0.20206454), (33, 0.20131233), (49, 0.20112331), (13, 0.20075378), (47, 0.20047338), (76, 0.1974515), (21, 0.19621472), (37, 0.18550757), (23, 0.18493), (68, 0.1779093), (29, 0.17688462), (80, 0.17540252), (84, 0.17222232), (83, 0.17103335), (42, 0.16279347), (72, 0.15876746), (31, 0.15780103), (66, 0.15733035), (46, 0.1572178), (54, 0.15687105), (67, 0.15672278), (69, 0.15456307), (63, 0.15231003), (25, 0.14725973), (20, 0.1439949), (30, 0.14368555), (73, 0.13839093), (39, 0.13463524), (61, 0.12972338), (82, 0.12819865), (60, 0.11950205), (27, 0.10100343), (44, 0.08193197)]",55,"[16, 31, 5, 1, 2, 55, 46, 40, 4, 20, 3, 42, 35, 38, 6, 11, 24, 33, 34, 67, 19, 45, 39, 62, 81, 74, 36, 84, 9, 12, 26, 53, 56, 76, 80, 78, 79, 18, 25, 57, 77, 7, 27, 54, 10, 13, 28, 58, 60, 21, 30, 37, 41, 47, 72, 75, 83, 15, 29, 32, 44, 50, 51, 59, 65, 66, 69, 22, 23, 43, 48, 52, 63, 64, 68, 70, 71, 8, 17, 49, 61, 73, 14, 82]",16,"16, 31, 5, 1, 2, 55, 46, 40, 4, 20","[55, 74, 38, 0, 58, 78, -1, 56, 1, 17, 3, 35, 70, 6, 18, 43, 75, 19, 2, 11, 36, 57, 16, 62, 9, 24, 26, 52, 41, 48, 15, 53, 14, 7, 12, 79, 45, 5, 65, 28, 8, 32, 71, 64, 50, 81, 22, 59, 10, 4, 34, 51, 40, 77, 33, 49, 13, 47, 76, 21, 37, 23, 68, 29, 80, 84, 83, 42, 72, 31, 66, 46, 54, 67, 69, 63, 25, 20, 30, 73, 39, 61, 82, 60, 27, 44]",6.0
2024-06-29,"[(0, 0.5568291), (-1, 0.54767716), (5, 0.47575462), (76, 0.44312948), (10, 0.43966222), (8, 0.43922842), (47, 0.43768886), (18, 0.42521402), (63, 0.42488742), (4, 0.4236176), (16, 0.42055455), (48, 0.4172668), (9, 0.41303122), (62, 0.403731), (1, 0.3974559), (37, 0.39627445), (50, 0.39372805), (60, 0.3929507), (45, 0.39181745), (69, 0.3825088), (42, 0.38216648), (59, 0.3779236), (46, 0.37789416), (55, 0.3755386), (25, 0.3691009), (31, 0.36723158), (3, 0.35717776), (51, 0.35372484), (53, 0.35333812), (40, 0.34690416), (7, 0.34614426), (38, 0.34539112), (52, 0.34496346), (33, 0.3441002), (70, 0.34142038), (72, 0.3413006), (43, 0.3378881), (78, 0.3359345), (29, 0.3347885), (12, 0.33227888), (26, 0.32908788), (22, 0.3270904), (79, 0.3247558), (15, 0.32462043), (13, 0.3214911), (80, 0.32047755), (54, 0.31942657), (11, 0.31861153), (35, 0.3152175), (67, 0.31469047), (2, 0.30997014), (28, 0.3096097), (30, 0.3079311), (77, 0.30694306), (6, 0.3057484), (19, 0.30427837), (56, 0.2977482), (49, 0.29671824), (21, 0.2956503), (17, 0.29504576), (74, 0.29040343), (75, 0.2888931), (71, 0.2867318), (73, 0.2802297), (81, 0.28014383), (57, 0.2787578), (82, 0.2784503), (65, 0.2727704), (83, 0.27139336), (41, 0.2680268), (34, 0.26430276), (14, 0.25136715), (24, 0.25068206), (23, 0.24734157), (64, 0.24564695), (58, 0.23979521), (68, 0.23939416), (32, 0.22951913), (84, 0.22495726), (66, 0.21238196), (36, 0.20301294), (61, 0.19185445), (44, 0.17633706), (20, 0.14182085), (39, 0.13181564), (27, 0.09340222)]",0,"[55, 38, 4, 31, 9, 46, 40, 16, 20, 24, 11, 3, 36, 1, 81, 67, 5, 57, 35, 2, 19, 56, 43, 23, 41, 78, 66, 33, 42, 26, 34, 27, 74, 64, 63, 12, 84, 50, 58, 79, 75, 28, 7, 65, 76, 62, 17, 21, 53, 18, 51, 83, 32, 48, 77, 37, 68, 6, 15, 13, 25, 44, 10, 70, 71, 47, 82, 72, 52, 22, 30, 54, 45, 73, 60, 49, 29, 39, 8, 61, 14, 80, 69, 59]",55,"55, 38, 4, 31, 9, 46, 40, 16, 20, 24","[0, -1, 5, 76, 10, 8, 47, 18, 63, 4, 16, 48, 9, 62, 1, 37, 50, 60, 45, 69, 42, 59, 46, 55, 25, 31, 3, 51, 53, 40, 7, 38, 52, 33, 70, 72, 43, 78, 29, 12, 26, 22, 79, 15, 13, 80, 54, 11, 35, 67, 2, 28, 30, 77, 6, 19, 56, 49, 21, 17, 74, 75, 71, 73, 81, 57, 82, 65, 83, 41, 34, 14, 24, 23, 64, 58, 68, 32, 84, 66, 36, 61, 44, 20, 39, 27]",
2024-07-06,"[(38, 0.4797161), (70, 0.4297629), (55, 0.41783643), (78, 0.4140469), (-1, 0.40289983), (58, 0.3984537), (45, 0.39832982), (0, 0.39179593), (12, 0.3897568), (18, 0.3717068), (16, 0.36675578), (84, 0.36597672), (52, 0.35895938), (6, 0.35524353), (9, 0.35452968), (5, 0.35161385), (2, 0.3339333), (81, 0.32946044), (36, 0.32429492), (21, 0.31596252), (77, 0.3123863), (74, 0.30734807), (75, 0.30483758), (22, 0.30210117), (1, 0.30136374), (72, 0.30015865), (3, 0.29929817), (50, 0.292956), (11, 0.28846884), (8, 0.2842728), (43, 0.28233156), (10, 0.2821218), (29, 0.2818725), (33, 0.28071338), (62, 0.28046885), (28, 0.27548766), (67, 0.27406383), (15, 0.273043), (4, 0.27099413), (14, 0.26405042), (7, 0.26280278), (40, 0.25902876), (26, 0.2564425), (73, 0.25092503), (17, 0.24758771), (19, 0.24672726), (41, 0.24647653), (47, 0.24553683), (34, 0.24458328), (82, 0.2419938), (25, 0.2407265), (64, 0.24037793), (35, 0.2391711), (24, 0.2386019), (13, 0.23843358), (69, 0.23569351), (83, 0.2273826), (59, 0.22604273), (76, 0.22573096), (30, 0.22183669), (71, 0.22168389), (56, 0.21447717), (57, 0.21442151), (51, 0.2143189), (46, 0.21113995), (37, 0.20726296), (80, 0.19765127), (48, 0.19758534), (65, 0.19277447), (42, 0.19051312), (49, 0.18648136), (54, 0.18616736), (60, 0.18519613), (79, 0.18027557), (68, 0.1764257), (23, 0.17038146), (31, 0.17012325), (63, 0.16910313), (53, 0.16648513), (44, 0.15542862), (66, 0.13924912), (61, 0.1326581), (32, 0.11196843), (39, 0.07808162), (20, 0.07623085), (27, 0.054308567)]",38,"[4, 9, 31, 1, 46, 55, 38, 70, 40, 16, 11, 20, 24, 36, 67, 5, 3, 35, 81, 34, 43, 78, 2, 63, 66, 48, 19, 42, 12, 62, 41, 23, 74, 33, 26, 27, 58, 7, 57, 75, 65, 32, 50, 84, 21, 10, 37, 76, 18, 8, 25, 53, 13, 79, 6, 77, 15, 44, 28, 68, 17, 51, 64, 83, 56, 72, 69, 22, 71, 54, 82, 47, 45, 80, 49, 60, 29, 30, 52, 61, 73, 39, 14, 59]",4,"4, 9, 31, 1, 46, 55, 38, 70, 40, 16","[38, 70, 55, 78, -1, 58, 45, 0, 12, 18, 16, 84, 52, 6, 9, 5, 2, 81, 36, 21, 77, 74, 75, 22, 1, 72, 3, 50, 11, 8, 43, 10, 29, 33, 62, 28, 67, 15, 4, 14, 7, 40, 26, 73, 17, 19, 41, 47, 34, 82, 25, 64, 35, 24, 13, 69, 83, 59, 76, 30, 71, 56, 57, 51, 46, 37, 80, 48, 65, 42, 49, 54, 60, 79, 68, 23, 31, 63, 53, 44, 66, 61, 32, 39, 20, 27]",7.0
2024-07-13,"[(8, 0.5994122), (45, 0.59144807), (76, 0.42327577), (50, 0.40755498), (63, 0.39847994), (46, 0.39204872), (0, 0.35271645), (-1, 0.34090388), (17, 0.33984214), (1, 0.33398178), (31, 0.3309304), (48, 0.31707382), (12, 0.3068511), (13, 0.30565083), (43, 0.30261213), (54, 0.2938242), (15, 0.28943884), (28, 0.2794375), (19, 0.27732173), (34, 0.26429236), (79, 0.25651854), (51, 0.25365302), (10, 0.2517493), (47, 0.2516511), (25, 0.24834743), (69, 0.2474904), (33, 0.23669016), (83, 0.23541299), (62, 0.23455524), (7, 0.2342337), (9, 0.23001368), (35, 0.22635573), (30, 0.22527057), (66, 0.21821998), (4, 0.21686065), (6, 0.2151269), (56, 0.2146874), (75, 0.21447769), (18, 0.2131224), (59, 0.21146765), (5, 0.20867336), (74, 0.20812795), (2, 0.20698705), (40, 0.20570047), (73, 0.20557678), (16, 0.20443358), (60, 0.20209527), (49, 0.1952439), (80, 0.19288637), (37, 0.18730678), (21, 0.18296129), (77, 0.18107429), (52, 0.18055162), (23, 0.17958699), (14, 0.17841661), (42, 0.17726693), (3, 0.17296754), (67, 0.17180863), (82, 0.17143032), (38, 0.16643144), (26, 0.16517553), (53, 0.16288395), (72, 0.16144781), (61, 0.15798947), (68, 0.15661497), (65, 0.15214108), (29, 0.15155208), (44, 0.13684776), (11, 0.13487259), (24, 0.12132), (22, 0.11911192), (41, 0.11754215), (55, 0.106327206), (81, 0.099475294), (32, 0.09900358), (84, 0.09885371), (36, 0.09123599), (71, 0.07681471), (57, 0.06605341), (58, 0.06497356), (78, 0.058021344), (70, 0.055844903), (20, 0.042577986), (39, 0.03543537), (64, 0.012221601), (27, -0.01738993)]",8,"[1, 11, 8, 40, 46, 3, 55, 4, 16, 31, 38, 2, 24, 19, 42, 29, 36, 5, 13, 9, 35, 77, 84, 48, 51, 74, 81, 7, 23, 26, 62, 63, 65, 12, 17, 20, 50, 53, 70, 71, 75, 79, 6, 18, 28, 37, 39, 41, 43, 52, 56, 57, 66, 67, 68, 69, 72, 78, 80, 10, 15, 21, 25, 33, 45, 59, 76, 83]",1,"1, 11, 8, 40, 46, 3, 55, 4, 16, 31","[8, 45, 76, 50, 63, 46, 0, -1, 17, 1, 31, 48, 12, 13, 43, 54, 15, 28, 19, 34, 79, 51, 10, 47, 25, 69, 33, 83, 62, 7, 9, 35, 30, 66, 4, 6, 56, 75, 18, 59, 5, 74, 2, 40, 73, 16, 60, 49, 80, 37, 21, 77, 52, 23, 14, 42, 3, 67, 82, 38, 26, 53, 72, 61, 68, 65, 29, 44, 11, 24, 22, 41, 55, 81, 32, 84, 36, 71, 57, 58, 78, 70, 20, 39, 64, 27]",3.0
2024-07-20,"[(8, 0.33060658), (62, 0.2921486), (45, 0.2859692), (68, 0.27212936), (16, 0.26450968), (83, 0.25646678), (29, 0.24826255), (-1, 0.23433554), (0, 0.2308918), (66, 0.22761151), (13, 0.22740504), (17, 0.22701213), (43, 0.22649635), (1, 0.21996531), (49, 0.20971787), (50, 0.20685497), (32, 0.2005803), (19, 0.19694065), (14, 0.19099706), (51, 0.18958959), (20, 0.18895166), (42, 0.18735602), (37, 0.18452781), (79, 0.18281165), (76, 0.18254095), (23, 0.1820076), (53, 0.17898116), (24, 0.16733205), (74, 0.16259916), (28, 0.15907945), (6, 0.15829846), (72, 0.15660477), (11, 0.15589961), (71, 0.15522614), (48, 0.15407155), (7, 0.15301809), (69, 0.15067038), (54, 0.15056407), (33, 0.149367), (81, 0.14770848), (80, 0.14728528), (10, 0.14519688), (4, 0.14403978), (36, 0.14377606), (12, 0.14314629), (55, 0.14313576), (57, 0.14300773), (31, 0.14242914), (40, 0.14111584), (2, 0.13939932), (59, 0.13921984), (63, 0.13023731), (3, 0.12764703), (15, 0.12556186), (82, 0.12404264), (73, 0.12322027), (35, 0.12231246), (9, 0.12144641), (5, 0.11904286), (25, 0.114288405), (61, 0.11372851), (64, 0.11295395), (30, 0.11111805), (21, 0.10881351), (41, 0.10818939), (77, 0.10734044), (52, 0.10634227), (34, 0.104529984), (56, 0.10393004), (46, 0.10298385), (44, 0.100828364), (47, 0.10068971), (65, 0.10063192), (26, 0.10058695), (60, 0.09685074), (75, 0.094640836), (38, 0.09336611), (18, 0.09281808), (84, 0.08578178), (39, 0.08350564), (22, 0.0655098), (58, 0.052117877), (27, 0.038933225), (78, 0.032188855), (70, 0.02356181), (67, -0.0090529965)]",8,"[23, 4, 66, 43, 3, 40, 8, 1, 16, 46, 31, 24, 51, 38, 67, 55, 81, 35, 20, 11, 36, 74, 9, 26, 13, 33, 34, 42, 78, 5, 21, 12, 58, 19, 41, 72, 77, 10, 83, 84, 27, 65, 79, 63, 49, 2, 50, 37, 54, 7, 68, 57, 75, 76, 18, 71, 15, 17, 48, 53, 28, 56, 32, 6, 62, 64, 59, 61, 14, 44, 47, 29, 30, 70, 52, 22, 25, 60, 82, 73, 45, 39, 80, 69]",23,"23, 4, 66, 43, 3, 40, 8, 1, 16, 46","[8, 62, 45, 68, 16, 83, 29, -1, 0, 66, 13, 17, 43, 1, 49, 50, 32, 19, 14, 51, 20, 42, 37, 79, 76, 23, 53, 24, 74, 28, 6, 72, 11, 71, 48, 7, 69, 54, 33, 81, 80, 10, 4, 36, 12, 55, 57, 31, 40, 2, 59, 63, 3, 15, 82, 73, 35, 9, 5, 25, 61, 64, 30, 21, 41, 77, 52, 34, 56, 46, 44, 47, 65, 26, 60, 75, 38, 18, 84, 39, 22, 58, 27, 78, 70, 67]",7.0
2024-07-27,"[(35, 0.49692303), (45, 0.44330698), (72, 0.4275539), (33, 0.42315248), (12, 0.39884007), (1, 0.39831117), (5, 0.39700833), (-1, 0.3765226), (21, 0.37353313), (0, 0.37236196), (73, 0.35700545), (9, 0.35602796), (6, 0.35114735), (30, 0.336648), (16, 0.3289666), (2, 0.32465884), (68, 0.31503648), (65, 0.31158346), (69, 0.3086545), (34, 0.30723333), (47, 0.30149755), (10, 0.3012656), (25, 0.30105415), (7, 0.2984084), (59, 0.2951001), (77, 0.29331478), (3, 0.29182395), (8, 0.29166356), (54, 0.28254026), (13, 0.28030515), (11, 0.27775317), (82, 0.2741719), (4, 0.2703286), (80, 0.26977336), (43, 0.26729807), (14, 0.26504746), (17, 0.26446307), (76, 0.26420468), (79, 0.2641092), (26, 0.2625493), (15, 0.26176333), (19, 0.2604239), (60, 0.25860795), (18, 0.2574497), (83, 0.25736243), (50, 0.25706413), (31, 0.2558493), (48, 0.2554305), (22, 0.25335708), (74, 0.252964), (57, 0.2495664), (63, 0.24737233), (55, 0.2463206), (66, 0.24391994), (51, 0.24032453), (52, 0.22817543), (38, 0.22774196), (40, 0.22759509), (84, 0.22745204), (28, 0.22501162), (58, 0.21925423), (37, 0.21885449), (49, 0.21542007), (75, 0.21021558), (24, 0.20848876), (46, 0.20540181), (36, 0.20206562), (20, 0.20150246), (53, 0.20096028), (23, 0.19928625), (62, 0.19684356), (61, 0.196662), (78, 0.19408955), (56, 0.19279683), (32, 0.18667671), (67, 0.1851123), (29, 0.18073854), (71, 0.18054031), (81, 0.17993894), (70, 0.1786142), (44, 0.16544892), (64, 0.1578589), (42, 0.15574467), (41, 0.14922142), (27, 0.110413305), (39, 0.076183304)]",35,"[3, 41, 1, 5, 10, 11, 26, 28, 31, 32, 33, 34, 35, 49, 55, 65, 77]",3,"3, 41, 1, 5, 10, 11, 26, 28, 31, 32","[35, 45, 72, 33, 12, 1, 5, -1, 21, 0, 73, 9, 6, 30, 16, 2, 68, 65, 69, 34, 47, 10, 25, 7, 59, 77, 3, 8, 54, 13, 11, 82, 4, 80, 43, 14, 17, 76, 79, 26, 15, 19, 60, 18, 83, 50, 31, 48, 22, 74, 57, 63, 55, 66, 51, 52, 38, 40, 84, 28, 58, 37, 49, 75, 24, 46, 36, 20, 53, 23, 62, 61, 78, 56, 32, 67, 29, 71, 81, 70, 44, 64, 42, 41, 27, 39]",13.0
2024-08-03,"[(14, 0.6491702), (-1, 0.5371433), (0, 0.52562845), (13, 0.48678318), (43, 0.4849879), (45, 0.4736769), (50, 0.47231823), (15, 0.4674287), (63, 0.46443987), (28, 0.455981), (23, 0.45287758), (10, 0.45192125), (48, 0.44551757), (66, 0.4446594), (76, 0.44395238), (17, 0.4375), (46, 0.43458283), (8, 0.43406653), (51, 0.43205497), (49, 0.40605026), (12, 0.40399218), (16, 0.40205508), (5, 0.39757168), (2, 0.3974301), (4, 0.39732957), (1, 0.3836301), (7, 0.3819031), (83, 0.37778836), (73, 0.37458724), (33, 0.3735113), (6, 0.37038282), (9, 0.36540508), (77, 0.3621055), (35, 0.3614827), (75, 0.36100927), (54, 0.35688424), (74, 0.3531599), (67, 0.35281706), (47, 0.35037085), (61, 0.34130952), (19, 0.33792207), (56, 0.33777556), (59, 0.3375903), (3, 0.32970178), (72, 0.3296973), (21, 0.32545167), (52, 0.32513472), (82, 0.32278425), (38, 0.3215725), (69, 0.31994843), (22, 0.3197322), (70, 0.31915343), (62, 0.3140001), (37, 0.3110444), (68, 0.3104143), (44, 0.30818796), (18, 0.3075746), (40, 0.30481815), (79, 0.29998404), (11, 0.29555142), (30, 0.2931778), (34, 0.29282475), (26, 0.2911052), (36, 0.2873702), (29, 0.28498587), (25, 0.28391975), (71, 0.2806661), (42, 0.28015122), (24, 0.27916175), (55, 0.27900034), (32, 0.27693483), (31, 0.27029544), (58, 0.25970438), (41, 0.25413537), (81, 0.25355557), (78, 0.25263962), (80, 0.2525279), (84, 0.24260747), (53, 0.23849297), (65, 0.22837147), (60, 0.22629961), (64, 0.19499484), (57, 0.1746356), (20, 0.11935297), (39, 0.09743719), (27, 0.028869882)]",14,"[14, 40, 19, 5, 4, 55, 16, 24, 3, 36, 20, 2, 8, 46, 62, 35, 23, 81, 11, 66, 43, 1, 6, 42, 34, 7, 31, 38, 58, 9, 37, 67, 74, 26, 84, 21, 51, 18, 15, 33, 12, 13, 77, 75, 76, 65, 27, 78, 10, 25, 41, 79, 47, 71, 57, 52, 82, 44, 17, 56, 28, 64, 22, 30, 32, 53, 68, 72, 54, 50, 83, 29, 49, 60, 70, 73, 63, 39, 45, 61, 48, 59, 69, 80]",14,"14, 40, 19, 5, 4, 55, 16, 24, 3, 36","[14, -1, 0, 13, 43, 45, 50, 15, 63, 28, 23, 10, 48, 66, 76, 17, 46, 8, 51, 49, 12, 16, 5, 2, 4, 1, 7, 83, 73, 33, 6, 9, 77, 35, 75, 54, 74, 67, 47, 61, 19, 56, 59, 3, 72, 21, 52, 82, 38, 69, 22, 70, 62, 37, 68, 44, 18, 40, 79, 11, 30, 34, 26, 36, 29, 25, 71, 42, 24, 55, 32, 31, 58, 41, 81, 78, 80, 84, 53, 65, 60, 64, 57, 20, 39, 27]",1.0
2024-08-10,"[(45, 0.49706912), (12, 0.34939563), (55, 0.27601418), (38, 0.2641394), (58, 0.24829563), (1, 0.24163881), (0, 0.24033281), (26, 0.23475665), (74, 0.23328075), (19, 0.23306468), (-1, 0.22975437), (75, 0.22745489), (4, 0.22318193), (41, 0.22312438), (11, 0.22216195), (2, 0.22202206), (62, 0.21229658), (24, 0.21072106), (52, 0.20930889), (8, 0.20411116), (28, 0.20357735), (10, 0.19364706), (36, 0.19089204), (70, 0.19058557), (77, 0.18988124), (29, 0.18730211), (15, 0.1824074), (21, 0.18211374), (73, 0.17854431), (50, 0.1774375), (84, 0.17555636), (18, 0.17439985), (67, 0.16942112), (64, 0.16826779), (14, 0.16592655), (79, 0.16487205), (43, 0.1646873), (81, 0.16265632), (7, 0.15886843), (34, 0.15841287), (13, 0.15720323), (82, 0.15600516), (6, 0.15339586), (16, 0.14938012), (72, 0.14839543), (5, 0.147084), (35, 0.14561065), (51, 0.14497031), (9, 0.13445376), (49, 0.12771787), (40, 0.1274547), (78, 0.124020666), (3, 0.12400058), (46, 0.12399307), (71, 0.12351796), (76, 0.12287083), (42, 0.12142204), (17, 0.12064539), (30, 0.117314845), (22, 0.11273278), (57, 0.112096675), (37, 0.112011), (59, 0.10962586), (47, 0.107185036), (54, 0.10665971), (56, 0.10587683), (48, 0.10246242), (83, 0.098612405), (25, 0.090085834), (23, 0.08716101), (66, 0.085139215), (65, 0.08060299), (80, 0.077095285), (69, 0.07685296), (33, 0.074962385), (31, 0.07391602), (68, 0.07035108), (63, 0.06815408), (32, 0.055462144), (53, 0.048861872), (60, 0.04590599), (61, 0.045704715), (27, 0.039686818), (44, 0.029274657), (20, 0.01874834), (39, 0.017363291)]",45,"[5, 16, 40, 3, 55, 4, 24, 20, 36, 19, 11, 81, 2, 14, 35, 33, 6, 42, 8, 1, 9, 34, 21, 82, 58, 84, 13, 61, 31, 66, 38, 37, 15, 78, 46, 43, 26, 18, 12, 77, 67, 23, 10, 69, 27, 74, 76, 7, 57, 75, 71, 41, 62, 30, 47, 65, 51, 22, 25, 53, 52, 28, 44, 64, 79, 17, 72, 60, 32, 49, 83, 68, 56, 50, 80, 29, 73, 70, 59, 54, 45, 39, 63, 48]",5,"5, 16, 40, 3, 55, 4, 24, 20, 36, 19","[45, 12, 55, 38, 58, 1, 0, 26, 74, 19, -1, 75, 4, 41, 11, 2, 62, 24, 52, 8, 28, 10, 36, 70, 77, 29, 15, 21, 73, 50, 84, 18, 67, 64, 14, 79, 43, 81, 7, 34, 13, 82, 6, 16, 72, 5, 35, 51, 9, 49, 40, 78, 3, 46, 71, 76, 42, 17, 30, 22, 57, 37, 59, 47, 54, 56, 48, 83, 25, 23, 66, 65, 80, 69, 33, 31, 68, 63, 32, 53, 60, 61, 27, 44, 20, 39]",81.0
2024-08-17,"[(45, 0.72569466), (1, 0.59618455), (46, 0.4763937), (0, 0.45799828), (8, 0.45529202), (-1, 0.4456352), (50, 0.44089642), (49, 0.41148937), (62, 0.39046565), (18, 0.38542825), (9, 0.38506728), (17, 0.3783233), (43, 0.37494722), (12, 0.3710733), (19, 0.36679727), (15, 0.35788804), (65, 0.35673565), (13, 0.35125506), (42, 0.34964713), (28, 0.34826723), (4, 0.34425458), (11, 0.34283206), (66, 0.34143436), (7, 0.34030443), (55, 0.33369684), (16, 0.33258867), (5, 0.33117035), (68, 0.32805818), (74, 0.3269173), (22, 0.325324), (75, 0.30986828), (14, 0.30932456), (35, 0.30641347), (10, 0.30268162), (3, 0.30146095), (78, 0.29867244), (79, 0.29633492), (52, 0.29631612), (59, 0.29411054), (53, 0.29328966), (51, 0.2915504), (37, 0.2910175), (84, 0.28907397), (47, 0.27585617), (21, 0.2756815), (48, 0.27311978), (38, 0.27234134), (83, 0.27225226), (29, 0.2698196), (33, 0.2679476), (76, 0.2670982), (58, 0.26533502), (2, 0.25966197), (72, 0.25772876), (60, 0.25398535), (6, 0.25268695), (73, 0.25174868), (30, 0.25141943), (71, 0.25019625), (26, 0.24812362), (54, 0.24731526), (36, 0.24460551), (25, 0.24438664), (80, 0.24166125), (56, 0.23972249), (81, 0.23769604), (24, 0.2354145), (63, 0.23420215), (77, 0.23401715), (61, 0.22738647), (82, 0.22332504), (41, 0.21984085), (69, 0.2187425), (32, 0.21692964), (31, 0.21465869), (44, 0.20955679), (57, 0.20735422), (70, 0.20263785), (23, 0.19003785), (34, 0.1884868), (67, 0.15775907), (64, 0.1510036), (40, 0.15037698), (20, 0.12461044), (39, 0.10319748), (27, 0.026414819)]",45,"[5, 40, 4, 16, 24, 55, 20, 36, 19, 3, 1, 11, 35, 58, 81, 2, 6, 26, 38, 34, 31, 46, 9, 23, 14, 33, 51, 18, 21, 84, 8, 82, 67, 66, 77, 37, 29, 15, 27, 42, 43, 74, 68, 12, 41, 10, 7, 13, 71, 78, 75, 22, 30, 57, 47, 25, 53, 76, 65, 32, 52, 28, 64, 17, 50, 60, 62, 61, 79, 56, 44, 83, 72, 49, 69, 73, 48, 70, 54, 39, 63, 80, 59, 45]",5,"5, 40, 4, 16, 24, 55, 20, 36, 19, 3","[45, 1, 46, 0, 8, -1, 50, 49, 62, 18, 9, 17, 43, 12, 19, 15, 65, 13, 42, 28, 4, 11, 66, 7, 55, 16, 5, 68, 74, 22, 75, 14, 35, 10, 3, 78, 79, 52, 59, 53, 51, 37, 84, 47, 21, 48, 38, 83, 29, 33, 76, 58, 2, 72, 60, 6, 73, 30, 71, 26, 54, 36, 25, 80, 56, 81, 24, 63, 77, 61, 82, 41, 69, 32, 31, 44, 57, 70, 23, 34, 67, 64, 40, 20, 39, 27]",84.0
2024-08-24,"[(35, 0.54383415), (56, 0.40497154), (14, 0.3959098), (17, 0.3912773), (21, 0.3889102), (28, 0.37385067), (79, 0.37318897), (-1, 0.3593548), (26, 0.35761762), (7, 0.35414326), (0, 0.34555668), (9, 0.337788), (10, 0.33403265), (73, 0.33100843), (4, 0.3304768), (77, 0.32920817), (15, 0.32668254), (66, 0.32535487), (34, 0.32092187), (55, 0.32091367), (30, 0.31537893), (13, 0.31508762), (50, 0.3120727), (1, 0.311712), (22, 0.3090119), (5, 0.3050106), (47, 0.30350652), (2, 0.30136323), (19, 0.30039775), (33, 0.29454002), (6, 0.29042828), (65, 0.28758413), (16, 0.28113684), (49, 0.28051528), (52, 0.2790565), (75, 0.27722827), (43, 0.27063587), (48, 0.26854742), (82, 0.2667143), (54, 0.26638132), (25, 0.2655013), (78, 0.25693697), (44, 0.2552547), (72, 0.25450805), (62, 0.25008315), (61, 0.24977192), (29, 0.24866971), (68, 0.24769026), (40, 0.24723443), (59, 0.24510473), (76, 0.24209347), (74, 0.24098752), (53, 0.2372509), (81, 0.23399535), (36, 0.23199582), (38, 0.23114762), (12, 0.2298469), (37, 0.22896689), (8, 0.22867247), (32, 0.21999043), (24, 0.21943817), (45, 0.21473941), (11, 0.21329364), (18, 0.21224521), (46, 0.20518526), (63, 0.20406558), (51, 0.20329002), (84, 0.19791871), (41, 0.1910249), (3, 0.18691188), (42, 0.1853649), (71, 0.18530732), (58, 0.18401577), (83, 0.17673078), (70, 0.17628284), (57, 0.17363381), (80, 0.17132945), (23, 0.16643785), (67, 0.16159678), (69, 0.15595694), (60, 0.15579322), (31, 0.1476694), (64, 0.14270209), (20, 0.13179545), (39, 0.0795054), (27, -0.04497648)]",35,"[67, 1, 66, 55, 4, 23, 38, 40, 51, 16, 11, 74, 34, 43, 31, 58, 84, 35, 46, 5, 12, 32, 49, 8, 13, 14, 29, 71, 42, 77, 2, 3, 9, 37, 63, 6, 33, 36, 41, 62, 75, 19, 20, 26, 53, 39, 70, 83, 7, 15, 18, 21, 24, 68, 72, 79, 81, 10, 30, 45, 17, 27, 47, 50, 57, 64, 65, 28, 52, 54, 56, 59, 60, 61, 76, 78, 80]",67,"67, 1, 66, 55, 4, 23, 38, 40, 51, 16","[35, 56, 14, 17, 21, 28, 79, -1, 26, 7, 0, 9, 10, 73, 4, 77, 15, 66, 34, 55, 30, 13, 50, 1, 22, 5, 47, 2, 19, 33, 6, 65, 16, 49, 52, 75, 43, 48, 82, 54, 25, 78, 44, 72, 62, 61, 29, 68, 40, 59, 76, 74, 53, 81, 36, 38, 12, 37, 8, 32, 24, 45, 11, 18, 46, 63, 51, 84, 41, 3, 42, 71, 58, 83, 70, 57, 80, 23, 67, 69, 60, 31, 64, 20, 39, 27]",18.0
2024-08-31,"[(0, 0.5332632), (-1, 0.5234889), (45, 0.46212232), (49, 0.45018315), (43, 0.44958007), (15, 0.4427184), (55, 0.43806696), (4, 0.4359805), (16, 0.43549648), (13, 0.43098325), (28, 0.42790234), (50, 0.427443), (51, 0.42724997), (66, 0.4213259), (1, 0.41770127), (14, 0.41710305), (12, 0.41282767), (38, 0.40818328), (74, 0.4016422), (19, 0.38837838), (21, 0.38423252), (2, 0.38413918), (5, 0.3822171), (8, 0.37972385), (48, 0.3774839), (10, 0.37537518), (7, 0.37148172), (9, 0.3697151), (76, 0.36841446), (23, 0.35520768), (56, 0.35357141), (6, 0.35109043), (33, 0.34648126), (59, 0.34573352), (83, 0.34511572), (52, 0.34373957), (62, 0.34135368), (79, 0.33783215), (82, 0.33685464), (75, 0.3364678), (63, 0.32827002), (17, 0.32675403), (3, 0.32611397), (61, 0.32533702), (18, 0.32504416), (77, 0.32280385), (47, 0.3210953), (22, 0.32028955), (80, 0.32011652), (73, 0.3190799), (42, 0.31836015), (71, 0.31572923), (35, 0.3143707), (36, 0.31315973), (34, 0.3131261), (26, 0.30666447), (72, 0.3050158), (70, 0.29963264), (11, 0.2964065), (78, 0.29385597), (46, 0.29285342), (32, 0.29275393), (25, 0.29137865), (44, 0.2913702), (41, 0.29078394), (69, 0.28898206), (54, 0.28820664), (40, 0.28490418), (67, 0.28461286), (30, 0.28301072), (24, 0.28069535), (53, 0.27991074), (29, 0.27691638), (58, 0.2727427), (68, 0.25711533), (31, 0.2569322), (65, 0.2546812), (60, 0.23960733), (81, 0.23817652), (37, 0.23292078), (84, 0.22197837), (57, 0.16653988), (64, 0.16129301), (20, 0.16090089), (39, 0.13008136), (27, 0.008336544)]",0,"[14, 19, 40, 66, 84, 7, 8, 15, 16, 18, 21, 22, 23, 25, 26, 38, 42, 46, 50, 55, 58]",14,"14, 19, 40, 66, 84, 7, 8, 15, 16, 18","[0, -1, 45, 49, 43, 15, 55, 4, 16, 13, 28, 50, 51, 66, 1, 14, 12, 38, 74, 19, 21, 2, 5, 8, 48, 10, 7, 9, 76, 23, 56, 6, 33, 59, 83, 52, 62, 79, 82, 75, 63, 17, 3, 61, 18, 77, 47, 22, 80, 73, 42, 71, 35, 36, 34, 26, 72, 70, 11, 78, 46, 32, 25, 44, 41, 69, 54, 40, 67, 30, 24, 53, 29, 58, 68, 31, 65, 60, 81, 37, 84, 57, 64, 20, 39, 27]",
2024-09-07,"[(2, 0.40329033), (66, 0.3938079), (12, 0.39013237), (43, 0.37988344), (0, 0.37271804), (51, 0.37037912), (-1, 0.3514347), (45, 0.350568), (23, 0.3396716), (13, 0.3251715), (50, 0.30615717), (6, 0.30390757), (83, 0.30354336), (55, 0.29779), (15, 0.29111087), (59, 0.2898012), (1, 0.28452557), (49, 0.28264704), (74, 0.27153462), (7, 0.27006626), (8, 0.2681927), (28, 0.2671626), (63, 0.26665118), (5, 0.26555577), (54, 0.26388615), (76, 0.26104704), (9, 0.25908172), (4, 0.25799763), (48, 0.25792685), (35, 0.25656477), (82, 0.2559973), (67, 0.2542602), (56, 0.25305662), (38, 0.25202268), (52, 0.25113666), (16, 0.24691159), (21, 0.24611472), (61, 0.2451638), (14, 0.24374375), (80, 0.24247143), (17, 0.24074206), (33, 0.24070957), (73, 0.23553075), (10, 0.2300969), (79, 0.22862908), (30, 0.22740719), (47, 0.22626622), (69, 0.22308084), (46, 0.22002402), (32, 0.21866713), (18, 0.21157432), (26, 0.20863017), (70, 0.20677307), (34, 0.19712242), (22, 0.19081795), (78, 0.18711784), (44, 0.18497285), (19, 0.17515816), (75, 0.17459792), (25, 0.17398007), (3, 0.16579601), (31, 0.16324505), (60, 0.15879703), (42, 0.1564276), (77, 0.15606803), (81, 0.15118869), (68, 0.14458916), (39, 0.14213026), (36, 0.14099786), (58, 0.1394936), (84, 0.1337983), (53, 0.12981409), (40, 0.12887022), (62, 0.122431725), (11, 0.11947535), (24, 0.10831958), (41, 0.09920816), (72, 0.09478992), (71, 0.09259314), (37, 0.082388714), (20, 0.080784865), (65, 0.07253675), (64, 0.03914982), (29, 0.03534859), (57, 0.0077859145), (27, -0.04213626)]",2,"[23, 66, 16, 1, 43, 51, 67, 4, 40, 74, 55, 33, 35, 5, 31, 82, 83, 13, 53, 77, 12, 14, 32, 46, 58, 2, 6, 8, 24, 38, 39, 3, 19, 20, 34, 62, 70, 75, 10, 22, 26, 54, 63, 68, 79, 84, 7, 11, 17, 36, 37, 9, 28, 29, 41, 44, 72, 76, 78, 15, 18, 27, 30, 48, 49, 52, 56, 59, 61, 73]",23,"23, 66, 16, 1, 43, 51, 67, 4, 40, 74","[2, 66, 12, 43, 0, 51, -1, 45, 23, 13, 50, 6, 83, 55, 15, 59, 1, 49, 74, 7, 8, 28, 63, 5, 54, 76, 9, 4, 48, 35, 82, 67, 56, 38, 52, 16, 21, 61, 14, 80, 17, 33, 73, 10, 79, 30, 47, 69, 46, 32, 18, 26, 70, 34, 22, 78, 44, 19, 75, 25, 3, 31, 60, 42, 77, 81, 68, 39, 36, 58, 84, 53, 40, 62, 11, 24, 41, 72, 71, 37, 20, 65, 64, 29, 57, 27]",26.0
2024-09-14,"[(45, 0.53639853), (16, 0.475097), (55, 0.47440958), (-1, 0.43585986), (9, 0.4287117), (62, 0.42813644), (0, 0.4188202), (58, 0.39855814), (38, 0.3880626), (1, 0.37738734), (21, 0.37076372), (4, 0.366455), (6, 0.36276), (5, 0.36102396), (12, 0.3609177), (72, 0.36079413), (36, 0.36048633), (14, 0.3593533), (77, 0.35238752), (74, 0.3498081), (33, 0.3467945), (52, 0.33818388), (8, 0.33785594), (2, 0.33671078), (19, 0.3346617), (15, 0.332103), (73, 0.3302915), (28, 0.32667983), (35, 0.3225477), (49, 0.32131365), (50, 0.3190078), (29, 0.3153211), (84, 0.31059617), (75, 0.30696955), (41, 0.30594027), (17, 0.3035174), (26, 0.3028684), (51, 0.30201107), (83, 0.30141526), (11, 0.30134872), (18, 0.29973057), (43, 0.296027), (22, 0.2897103), (24, 0.28941518), (70, 0.28861773), (82, 0.28685284), (13, 0.2849231), (79, 0.28392383), (76, 0.28293526), (81, 0.28284794), (66, 0.2787205), (25, 0.27448672), (30, 0.27360368), (34, 0.2719168), (10, 0.27177808), (37, 0.2712168), (59, 0.27102423), (64, 0.26937464), (7, 0.26747328), (56, 0.2658454), (68, 0.26365528), (3, 0.26022044), (48, 0.25478053), (47, 0.25156602), (67, 0.2434203), (40, 0.23773764), (69, 0.23761606), (54, 0.23684248), (78, 0.23489358), (71, 0.23428616), (60, 0.22550464), (42, 0.22433236), (46, 0.22368675), (61, 0.22288598), (53, 0.21790864), (63, 0.21363296), (31, 0.2098136), (57, 0.2072668), (65, 0.20680451), (44, 0.20321159), (23, 0.19167884), (80, 0.1916565), (32, 0.1660422), (20, 0.1362612), (39, 0.10318839), (27, 0.044537455)]",45,"[1, 23, 66, 40, 67, 16, 4, 10, 55, 43, 28, 51, 38, 35, 32, 34, 2, 5, 26, 74, 3, 8, 33, 11, 20, 77, 13, 12, 39, 58, 9, 83, 6, 24, 19, 31, 79, 75, 21, 36, 30, 46, 82, 45, 15, 84, 59, 62, 76, 54, 61, 49, 14, 50, 7, 78, 18, 81, 56, 47, 53, 60, 37, 42, 68, 17, 27, 57, 41, 72, 52, 22, 63, 25, 64, 70, 71, 73, 69, 44, 29, 65, 80, 48]",1,"1, 23, 66, 40, 67, 16, 4, 10, 55, 43","[45, 16, 55, -1, 9, 62, 0, 58, 38, 1, 21, 4, 6, 5, 12, 72, 36, 14, 77, 74, 33, 52, 8, 2, 19, 15, 73, 28, 35, 49, 50, 29, 84, 75, 41, 17, 26, 51, 83, 11, 18, 43, 22, 24, 70, 82, 13, 79, 76, 81, 66, 25, 30, 34, 10, 37, 59, 64, 7, 56, 68, 3, 48, 47, 67, 40, 69, 54, 78, 71, 60, 42, 46, 61, 53, 63, 31, 57, 65, 44, 23, 80, 32, 20, 39, 27]",44.0
2024-09-21,"[(45, 0.5694147), (-1, 0.4537748), (0, 0.4474356), (12, 0.43093714), (17, 0.42330468), (43, 0.39762762), (16, 0.39708233), (50, 0.392451), (1, 0.39074355), (75, 0.38959107), (74, 0.38667977), (48, 0.38175464), (2, 0.3805303), (55, 0.38046774), (19, 0.37599772), (8, 0.37586963), (38, 0.3754905), (52, 0.36846662), (46, 0.36505628), (15, 0.36348665), (28, 0.35689014), (9, 0.3504094), (6, 0.3502639), (4, 0.34540683), (62, 0.34538907), (51, 0.33568776), (13, 0.33325505), (14, 0.3294068), (33, 0.32817927), (18, 0.3278147), (67, 0.31949306), (76, 0.31746137), (53, 0.31330162), (72, 0.3130706), (7, 0.31090888), (73, 0.30171242), (40, 0.29922786), (10, 0.29373908), (21, 0.29203162), (36, 0.29201373), (70, 0.28983244), (34, 0.28946972), (29, 0.2886178), (84, 0.2882645), (63, 0.28469342), (56, 0.2823032), (58, 0.2820121), (3, 0.28130087), (24, 0.28017056), (49, 0.2789049), (77, 0.27721816), (11, 0.27535042), (42, 0.2740109), (35, 0.27014363), (78, 0.26668224), (26, 0.26340428), (5, 0.2626037), (65, 0.25825933), (25, 0.25795868), (37, 0.2541783), (31, 0.25361198), (82, 0.25164878), (81, 0.24919602), (61, 0.24088034), (57, 0.23820597), (41, 0.23619688), (64, 0.23428261), (68, 0.23009384), (22, 0.2288943), (69, 0.22756824), (80, 0.22565767), (59, 0.2256499), (54, 0.22179654), (83, 0.22075653), (30, 0.21811762), (66, 0.20899533), (32, 0.2085503), (71, 0.19776738), (79, 0.19604485), (60, 0.19464737), (23, 0.18970087), (39, 0.18753761), (47, 0.18517593), (20, 0.1616972), (44, 0.15841058), (27, 0.12524754)]",45,"[66, 23, 1, 4, 40, 67, 32, 43, 35, 51, 16, 5, 55, 74, 12, 2, 34, 79, 26, 38, 61, 77, 6, 10, 3, 20, 9, 14, 28, 7, 11, 13, 21, 24, 33, 31, 58, 76, 46, 62, 8, 49, 19, 39, 18, 36, 84, 42, 30, 75, 78, 22, 82, 81, 45, 57, 15, 56, 83, 47, 41, 52, 54, 50, 44, 63, 59, 25, 68, 37, 53, 72, 17, 60, 70, 27, 64, 71, 73, 69, 29, 65, 80, 48]",66,"66, 23, 1, 4, 40, 67, 32, 43, 35, 51","[45, -1, 0, 12, 17, 43, 16, 50, 1, 75, 74, 48, 2, 55, 19, 8, 38, 52, 46, 15, 28, 9, 6, 4, 62, 51, 13, 14, 33, 18, 67, 76, 53, 72, 7, 73, 40, 10, 21, 36, 70, 34, 29, 84, 63, 56, 58, 3, 24, 49, 77, 11, 42, 35, 78, 26, 5, 65, 25, 37, 31, 82, 81, 61, 57, 41, 64, 68, 22, 69, 80, 59, 54, 83, 30, 66, 32, 71, 79, 60, 23, 39, 47, 20, 44, 27]",55.0
2024-09-28,"[(8, 0.7371288), (-1, 0.5554935), (0, 0.535148), (15, 0.49612728), (76, 0.4903657), (16, 0.4779095), (50, 0.47652414), (75, 0.46627346), (46, 0.46189016), (40, 0.45720968), (28, 0.44247), (1, 0.4358601), (17, 0.43563008), (5, 0.42891586), (48, 0.4271171), (13, 0.4220191), (45, 0.42115897), (62, 0.41451967), (10, 0.4128164), (52, 0.41168684), (2, 0.4052704), (63, 0.4052645), (9, 0.40506196), (6, 0.40472162), (3, 0.40133062), (7, 0.39933425), (29, 0.39140666), (37, 0.38929588), (33, 0.38877392), (70, 0.38825506), (84, 0.3879428), (65, 0.38658425), (51, 0.38454643), (54, 0.38318586), (83, 0.37328923), (43, 0.372468), (38, 0.37241888), (56, 0.36815006), (42, 0.36310983), (47, 0.36214146), (11, 0.3613304), (31, 0.3512108), (12, 0.35116017), (67, 0.34997928), (21, 0.34738427), (14, 0.3453723), (4, 0.34404123), (69, 0.34328592), (26, 0.34260288), (72, 0.33932495), (77, 0.33743072), (19, 0.33246094), (74, 0.3279203), (68, 0.32099205), (78, 0.31991675), (30, 0.31884524), (44, 0.30821067), (35, 0.30664274), (59, 0.30519333), (71, 0.30127987), (25, 0.30054966), (79, 0.2980435), (55, 0.2976581), (57, 0.29613674), (22, 0.29473525), (60, 0.29461718), (18, 0.29192847), (82, 0.2900073), (73, 0.2869215), (61, 0.28626966), (34, 0.283783), (81, 0.28150353), (80, 0.28125566), (36, 0.26828966), (53, 0.26783127), (64, 0.25535315), (24, 0.24947214), (23, 0.24855891), (58, 0.23971874), (32, 0.23555303), (66, 0.2341362), (49, 0.228519), (41, 0.22582178), (20, 0.15593386), (27, 0.12610468), (39, 0.067117915)]",8,"[7, 66, 5, 23, 35, 4, 40, 16, 55, 11, 10, 3, 42, 77, 26, 9, 43, 19, 31, 74, 14, 49, 18, 34, 37, 20, 47, 59, 46, 62, 1, 24, 2, 8, 76, 12, 78, 38, 13, 15, 67, 51, 32, 65, 71, 21, 36, 57, 79, 81, 54, 22, 25, 44, 56, 61, 33, 68, 73, 41, 58, 75, 82, 69, 84, 6, 29, 53, 63, 28, 50, 60, 80, 83, 27, 64, 39, 45, 17, 52, 70, 72, 30]",7,"7, 66, 5, 23, 35, 4, 40, 16, 55, 11","[8, -1, 0, 15, 76, 16, 50, 75, 46, 40, 28, 1, 17, 5, 48, 13, 45, 62, 10, 52, 2, 63, 9, 6, 3, 7, 29, 37, 33, 70, 84, 65, 51, 54, 83, 43, 38, 56, 42, 47, 11, 31, 12, 67, 21, 14, 4, 69, 26, 72, 77, 19, 74, 68, 78, 30, 44, 35, 59, 71, 25, 79, 55, 57, 22, 60, 18, 82, 73, 61, 34, 81, 80, 36, 53, 64, 24, 23, 58, 32, 66, 49, 41, 20, 27, 39]",34.0
2024-10-05,"[(24, 0.5095414), (37, 0.5024577), (3, 0.48038828), (71, 0.46117416), (29, 0.46103472), (81, 0.4428999), (-1, 0.4424405), (0, 0.4192613), (65, 0.41103128), (11, 0.41094267), (16, 0.41053373), (62, 0.40425065), (57, 0.39766172), (9, 0.39676884), (42, 0.39665627), (36, 0.3949033), (60, 0.39181364), (72, 0.38910097), (78, 0.3847576), (22, 0.3842169), (10, 0.3809631), (68, 0.36351645), (5, 0.3594969), (52, 0.35133916), (49, 0.3505049), (74, 0.34832835), (40, 0.34692734), (47, 0.34641725), (77, 0.3463155), (45, 0.3374154), (1, 0.33641154), (59, 0.32541126), (8, 0.32044226), (23, 0.31290707), (18, 0.31227842), (4, 0.31208134), (50, 0.31130803), (55, 0.30999094), (46, 0.30968404), (32, 0.30348426), (75, 0.3027406), (41, 0.29892528), (17, 0.29559386), (66, 0.2875919), (53, 0.28089255), (15, 0.28008193), (64, 0.27845106), (84, 0.276971), (7, 0.27514106), (33, 0.27481717), (38, 0.27465093), (21, 0.27387246), (54, 0.27074462), (12, 0.270164), (14, 0.26950544), (70, 0.2683256), (28, 0.26643267), (73, 0.26562178), (76, 0.2623321), (58, 0.26098874), (19, 0.26074052), (30, 0.2595632), (13, 0.2579309), (56, 0.24219729), (25, 0.24036622), (43, 0.2403338), (48, 0.23801509), (61, 0.23560038), (6, 0.23525152), (2, 0.22196203), (80, 0.21777003), (35, 0.2142452), (63, 0.20920838), (26, 0.20900896), (51, 0.19959337), (69, 0.19881126), (34, 0.19854495), (31, 0.19077936), (20, 0.18836926), (79, 0.18764088), (83, 0.18323639), (82, 0.18284392), (39, 0.16589385), (67, 0.15342623), (27, 0.106809445), (44, 0.08187643)]",24,"[7, 40, 81, 4, 6, 12, 23, 2, 15, 20, 3, 19, 24, 38, 42, 47, 49, 57, 62, 74, 1, 5, 10, 11, 16, 21, 28, 30, 35, 36, 41, 46, 51, 54, 55, 64, 70, 75, 78]",7,"7, 40, 81, 4, 6, 12, 23, 2, 15, 20","[24, 37, 3, 71, 29, 81, -1, 0, 65, 11, 16, 62, 57, 9, 42, 36, 60, 72, 78, 22, 10, 68, 5, 52, 49, 74, 40, 47, 77, 45, 1, 59, 8, 23, 18, 4, 50, 55, 46, 32, 75, 41, 17, 66, 53, 15, 64, 84, 7, 33, 38, 21, 54, 12, 14, 70, 28, 73, 76, 58, 19, 30, 13, 56, 25, 43, 48, 61, 6, 2, 80, 35, 63, 26, 51, 69, 34, 31, 20, 79, 83, 82, 39, 67, 27, 44]",13.0
2024-10-12,"[(55, 0.18896918), (16, 0.16458826), (12, 0.13243406), (62, 0.12993526), (81, 0.11728781), (1, 0.11693509), (0, 0.11304897), (79, 0.1127135), (56, 0.11100578), (35, 0.10322806), (53, 0.10302786), (-1, 0.10189086), (74, 0.09847684), (26, 0.09781701), (38, 0.095859274), (36, 0.09559604), (15, 0.088954926), (59, 0.08679857), (43, 0.08679393), (45, 0.08571422), (66, 0.08389418), (58, 0.08269903), (7, 0.08177313), (51, 0.0794568), (75, 0.07628826), (11, 0.0758268), (4, 0.07554818), (6, 0.07344311), (70, 0.07320829), (49, 0.0728717), (78, 0.07248981), (37, 0.07213107), (17, 0.07139318), (32, 0.07123368), (13, 0.07030454), (3, 0.07029753), (60, 0.06877213), (5, 0.06428142), (84, 0.06426487), (28, 0.06329477), (2, 0.062334787), (57, 0.06180644), (52, 0.06073006), (14, 0.05891939), (8, 0.05842769), (9, 0.058256246), (65, 0.057891805), (19, 0.057598837), (44, 0.056166895), (77, 0.056145035), (46, 0.055117257), (47, 0.055058952), (10, 0.05304432), (54, 0.051928885), (21, 0.051723238), (41, 0.05010186), (80, 0.04858967), (20, 0.04729039), (50, 0.045126975), (39, 0.04481367), (71, 0.041342646), (18, 0.04099816), (83, 0.04045041), (27, 0.038941316), (72, 0.03575241), (24, 0.034829322), (82, 0.029880203), (69, 0.025454272), (68, 0.02215011), (63, 0.02185713), (40, 0.021752777), (61, 0.020740366), (34, 0.018912716), (22, 0.017744761), (48, 0.01759315), (29, 0.017570583), (67, 0.010730789), (76, 0.010354915), (64, 0.01023105), (33, 0.008150317), (73, 0.0013431755), (30, -0.00048231333), (23, -0.0008204323), (42, -0.003920041), (31, -0.006074959), (25, -0.0068348944)]",55,"[22, 78, 4, 40, 38, 23, 5, 37, 11, 36, 16, 19, 7, 15, 31, 35, 42, 49, 62, 79, 29, 47, 67, 10, 66, 34, 46, 51, 57, 65, 77, 1, 3, 9, 24, 26, 33, 81, 2, 8, 12, 13, 14, 17, 27, 30, 41, 48, 56, 68, 71, 72, 73, 80, 83]",22,"22, 78, 4, 40, 38, 23, 5, 37, 11, 36","[55, 16, 12, 62, 81, 1, 0, 79, 56, 35, 53, -1, 74, 26, 38, 36, 15, 59, 43, 45, 66, 58, 7, 51, 75, 11, 4, 6, 70, 49, 78, 37, 17, 32, 13, 3, 60, 5, 84, 28, 2, 57, 52, 14, 8, 9, 65, 19, 44, 77, 46, 47, 10, 54, 21, 41, 80, 20, 50, 39, 71, 18, 83, 27, 72, 24, 82, 69, 68, 63, 40, 61, 34, 22, 48, 29, 67, 76, 64, 33, 73, 30, 23, 42, 31, 25]",
2024-10-19,"[(43, 0.5599232), (-1, 0.5451248), (0, 0.5402447), (40, 0.48751885), (7, 0.48717666), (50, 0.4854288), (17, 0.483261), (46, 0.4655041), (13, 0.4644481), (15, 0.46215236), (12, 0.45921955), (16, 0.45250404), (28, 0.44479853), (8, 0.44019324), (4, 0.43723917), (56, 0.43442065), (10, 0.42988688), (45, 0.42578617), (47, 0.42529416), (76, 0.42435622), (18, 0.41507694), (74, 0.4102619), (51, 0.4036026), (73, 0.40261182), (52, 0.39261243), (35, 0.38549113), (5, 0.38493875), (42, 0.38453308), (78, 0.383269), (38, 0.3793151), (59, 0.37754637), (1, 0.37441483), (14, 0.37301475), (48, 0.3715103), (79, 0.36639464), (3, 0.36172712), (77, 0.3603796), (49, 0.35757044), (9, 0.3560408), (23, 0.35469005), (22, 0.3523835), (21, 0.35039747), (63, 0.34936512), (2, 0.3467952), (11, 0.34322202), (70, 0.34319788), (71, 0.34281814), (65, 0.34166408), (32, 0.3411892), (6, 0.338389), (75, 0.3343773), (67, 0.33308378), (54, 0.3317255), (33, 0.33003095), (82, 0.32956734), (31, 0.32917807), (37, 0.3281691), (25, 0.32686594), (30, 0.31734776), (83, 0.31727454), (24, 0.31559205), (66, 0.31490302), (69, 0.31287104), (72, 0.31255877), (19, 0.31204396), (68, 0.31132177), (34, 0.30162567), (26, 0.30151713), (60, 0.29463714), (53, 0.29124486), (84, 0.28691208), (81, 0.28685957), (36, 0.28685853), (55, 0.28467855), (41, 0.28170076), (61, 0.28153157), (62, 0.27912647), (29, 0.27060163), (57, 0.2614975), (80, 0.2522241), (64, 0.24805306), (58, 0.24247696), (44, 0.23128976), (20, 0.10658862), (39, 0.09035082), (27, 0.054267097)]",43,"[40, 5, 23, 66, 1, 4, 16, 31, 41, 6, 20, 24, 77, 11, 14, 35, 37, 12, 13, 19, 34, 55, 74, 78, 3, 7, 22, 33, 36, 45, 47, 57, 62, 64, 65, 68, 27, 28, 29, 38, 42, 46, 49, 50, 52, 56, 61, 67, 75, 81]",40,"40, 5, 23, 66, 1, 4, 16, 31, 41, 6","[43, -1, 0, 40, 7, 50, 17, 46, 13, 15, 12, 16, 28, 8, 4, 56, 10, 45, 47, 76, 18, 74, 51, 73, 52, 35, 5, 42, 78, 38, 59, 1, 14, 48, 79, 3, 77, 49, 9, 23, 22, 21, 63, 2, 11, 70, 71, 65, 32, 6, 75, 67, 54, 33, 82, 31, 37, 25, 30, 83, 24, 66, 69, 72, 19, 68, 34, 26, 60, 53, 84, 81, 36, 55, 41, 61, 62, 29, 57, 80, 64, 58, 44, 20, 39, 27]",
2024-10-26,"[(0, 0.6473925), (-1, 0.63760555), (37, 0.5507427), (5, 0.5347737), (55, 0.51039845), (4, 0.49884647), (45, 0.49176806), (1, 0.48868218), (48, 0.48551694), (16, 0.48482108), (9, 0.47740525), (8, 0.47652125), (7, 0.47352022), (25, 0.46933663), (19, 0.46922243), (50, 0.46302658), (35, 0.462825), (18, 0.45643365), (56, 0.45448858), (12, 0.44054642), (76, 0.44026935), (82, 0.43513846), (62, 0.4341457), (38, 0.4317824), (53, 0.43066365), (51, 0.43055332), (14, 0.425039), (79, 0.42366034), (47, 0.41992915), (33, 0.41855758), (10, 0.4136305), (74, 0.41109586), (43, 0.40922052), (42, 0.407811), (28, 0.40545648), (31, 0.39984685), (3, 0.39907154), (73, 0.39799526), (2, 0.3968581), (22, 0.39648902), (63, 0.39318413), (15, 0.3909164), (6, 0.3908573), (60, 0.3900798), (52, 0.38756374), (26, 0.38702884), (72, 0.38448018), (59, 0.37858602), (11, 0.37709498), (13, 0.3763404), (80, 0.37532127), (17, 0.37156227), (41, 0.3703384), (69, 0.36342198), (49, 0.36085364), (30, 0.35868704), (46, 0.35596523), (54, 0.3524514), (21, 0.3519622), (71, 0.349288), (70, 0.34902468), (24, 0.3456645), (81, 0.34013146), (34, 0.33986387), (75, 0.3360003), (66, 0.33233458), (29, 0.33215326), (78, 0.32571802), (40, 0.31986782), (57, 0.3186348), (64, 0.31836712), (77, 0.3180548), (32, 0.31230435), (84, 0.30905384), (58, 0.30728722), (61, 0.29852128), (36, 0.29217005), (83, 0.29036477), (67, 0.28579333), (23, 0.28542492), (65, 0.27633035), (68, 0.25292006), (44, 0.21639773), (20, 0.18677883), (39, 0.11790857), (27, 0.08215784)]",0,"[37, 40, 23, 34, 31, 24, 3, 11, 49, 81, 5, 53, 32, 4, 66, 1, 55, 16, 33, 77, 12, 38, 20, 46, 19, 64, 13, 67, 35, 9, 71, 10, 74, 78, 43, 36, 7, 57, 8, 42, 27, 6, 68, 29, 22, 41, 62, 21, 84, 15, 51, 50, 72, 76, 2, 65, 30, 63, 83, 25, 47, 44, 14, 56, 18, 17, 61, 45, 26, 52, 28, 54, 79, 80, 70, 48, 82, 58, 60, 75, 69, 73, 39, 59]",37,"37, 40, 23, 34, 31, 24, 3, 11, 49, 81","[0, -1, 37, 5, 55, 4, 45, 1, 48, 16, 9, 8, 7, 25, 19, 50, 35, 18, 56, 12, 76, 82, 62, 38, 53, 51, 14, 79, 47, 33, 10, 74, 43, 42, 28, 31, 3, 73, 2, 22, 63, 15, 6, 60, 52, 26, 72, 59, 11, 13, 80, 17, 41, 69, 49, 30, 46, 54, 21, 71, 70, 24, 81, 34, 75, 66, 29, 78, 40, 57, 64, 77, 32, 84, 58, 61, 36, 83, 67, 23, 65, 68, 44, 20, 39, 27]",
2024-11-02,"[(45, 0.50261986), (24, 0.47044963), (81, 0.4640175), (40, 0.45770183), (36, 0.44746533), (-1, 0.43995264), (0, 0.41535306), (71, 0.4127279), (37, 0.40835586), (72, 0.39669585), (12, 0.38596833), (41, 0.3759007), (52, 0.3712045), (10, 0.37086135), (3, 0.3541299), (34, 0.35294637), (9, 0.3526401), (19, 0.35048708), (4, 0.34928647), (50, 0.34294835), (42, 0.3426826), (21, 0.3406248), (16, 0.3396303), (1, 0.332691), (77, 0.33203876), (29, 0.33069026), (11, 0.3286546), (76, 0.31966227), (57, 0.3159669), (62, 0.3066615), (13, 0.30557966), (15, 0.30504167), (38, 0.30224425), (64, 0.30108535), (8, 0.30064908), (55, 0.30033186), (75, 0.29885402), (17, 0.29722977), (5, 0.29547113), (68, 0.29077765), (60, 0.2874989), (49, 0.2846998), (65, 0.2843433), (7, 0.28206852), (70, 0.28129956), (47, 0.28116316), (23, 0.27558926), (31, 0.2754493), (14, 0.27477163), (33, 0.27299225), (22, 0.27001116), (73, 0.26833588), (28, 0.26747194), (58, 0.26541975), (25, 0.26394734), (44, 0.2596441), (67, 0.2583927), (48, 0.25268734), (26, 0.24608712), (78, 0.24295498), (56, 0.24229132), (74, 0.2394666), (61, 0.23826472), (46, 0.23564789), (54, 0.23504296), (59, 0.2320208), (43, 0.22894251), (51, 0.22752538), (66, 0.22299433), (84, 0.22250772), (6, 0.22172889), (2, 0.21983907), (79, 0.21867247), (30, 0.21783972), (18, 0.21778229), (53, 0.21455196), (32, 0.20860162), (82, 0.20272437), (35, 0.19953507), (80, 0.18496627), (63, 0.18170987), (69, 0.16623467), (20, 0.1554046), (83, 0.13711733), (27, 0.124591246), (39, 0.07710448)]",45,"[3, 40, 23, 57, 11, 78, 4, 2, 16, 38, 46, 67, 24, 31, 66, 77, 81, 5, 34, 55, 20, 9, 37, 12, 22, 71, 1, 62, 42, 64, 10, 43, 32, 51, 68, 6, 19, 35, 21, 18, 49, 27, 33, 36, 56, 65, 74, 29, 41, 75, 72, 84, 8, 13, 58, 76, 26, 70, 50, 7, 53, 82, 45, 83, 63, 15, 14, 25, 79, 44, 17, 30, 52, 47, 60, 73, 54, 28, 48, 61, 69, 59, 39, 80]",3,"3, 40, 23, 57, 11, 78, 4, 2, 16, 38","[45, 24, 81, 40, 36, -1, 0, 71, 37, 72, 12, 41, 52, 10, 3, 34, 9, 19, 4, 50, 42, 21, 16, 1, 77, 29, 11, 76, 57, 62, 13, 15, 38, 64, 8, 55, 75, 17, 5, 68, 60, 49, 65, 7, 70, 47, 23, 31, 14, 33, 22, 73, 28, 58, 25, 44, 67, 48, 26, 78, 56, 74, 61, 46, 54, 59, 43, 51, 66, 84, 6, 2, 79, 30, 18, 53, 32, 82, 35, 80, 63, 69, 20, 83, 27, 39]",63.0
2024-11-09,"[(45, 0.6923182), (-1, 0.5781232), (0, 0.55918765), (12, 0.51635706), (16, 0.49232483), (38, 0.4875654), (1, 0.46975708), (19, 0.46440092), (8, 0.46166664), (15, 0.46060586), (50, 0.4563524), (4, 0.45226324), (11, 0.44883877), (71, 0.4419645), (37, 0.43687347), (40, 0.4366874), (7, 0.4261651), (57, 0.42588955), (72, 0.42087787), (77, 0.41606122), (33, 0.41273236), (43, 0.40909654), (10, 0.40791428), (5, 0.40777892), (2, 0.40725324), (9, 0.40366703), (64, 0.40355545), (74, 0.4014375), (55, 0.40122753), (14, 0.39914584), (17, 0.39772224), (3, 0.39722964), (76, 0.3964921), (28, 0.39275873), (52, 0.3907377), (41, 0.38899577), (13, 0.38805264), (62, 0.38699967), (48, 0.38202065), (6, 0.3804009), (47, 0.37965173), (21, 0.3778506), (70, 0.37053108), (51, 0.36980808), (24, 0.36867735), (59, 0.3677655), (49, 0.3659201), (81, 0.3623365), (68, 0.36184534), (34, 0.3603716), (29, 0.35981888), (36, 0.35776496), (67, 0.3549729), (58, 0.35419488), (73, 0.3535952), (83, 0.3515643), (30, 0.347599), (25, 0.34521127), (78, 0.34513432), (42, 0.3442945), (18, 0.34376562), (69, 0.33914512), (75, 0.3388066), (63, 0.33419555), (80, 0.33197775), (56, 0.3282859), (79, 0.32528514), (31, 0.32467198), (26, 0.3218241), (53, 0.32077754), (35, 0.32047433), (23, 0.3163752), (82, 0.3154896), (66, 0.3151314), (46, 0.31357473), (54, 0.30653945), (22, 0.300556), (61, 0.27905795), (60, 0.27761382), (65, 0.27719104), (84, 0.2687118), (32, 0.25435522), (20, 0.21085945), (44, 0.18744396), (27, 0.17398143), (39, 0.11867391)]",45,"[46, 3, 5, 78, 17, 11, 1, 55, 4, 19, 18, 35, 24, 43, 16, 21, 22, 42, 40, 77, 57, 20, 34, 38, 7, 23, 9, 79, 71, 66, 81, 47, 50, 37, 74, 12, 64, 2, 65, 68, 25, 62, 6, 33, 76, 31, 10, 75, 29, 41, 67, 56, 82, 45, 70, 49, 13, 26, 51, 32, 60, 8, 72, 53, 36, 63, 27, 84, 15, 73, 58, 54, 59, 14, 48, 80, 44, 69, 83, 30, 28, 52, 61, 39]",46,"46, 3, 5, 78, 17, 11, 1, 55, 4, 19","[45, -1, 0, 12, 16, 38, 1, 19, 8, 15, 50, 4, 11, 71, 37, 40, 7, 57, 72, 77, 33, 43, 10, 5, 2, 9, 64, 74, 55, 14, 17, 3, 76, 28, 52, 41, 13, 62, 48, 6, 47, 21, 70, 51, 24, 59, 49, 81, 68, 34, 29, 36, 67, 58, 73, 83, 30, 25, 78, 42, 18, 69, 75, 63, 80, 56, 79, 31, 26, 53, 35, 23, 82, 66, 46, 54, 22, 61, 60, 65, 84, 32, 20, 44, 27, 39]",54.0
2024-11-16,"[(12, 0.44591624), (45, 0.4203469), (2, 0.31670958), (9, 0.29838195), (55, 0.28954133), (59, 0.28778598), (1, 0.2737809), (21, 0.2692849), (74, 0.23905425), (56, 0.23904094), (17, 0.23659779), (-1, 0.23407423), (6, 0.2338804), (0, 0.23283355), (35, 0.22998418), (47, 0.22845745), (7, 0.22649829), (33, 0.22569694), (38, 0.22329125), (25, 0.2148376), (51, 0.20404574), (3, 0.20395218), (43, 0.20176534), (19, 0.20097032), (18, 0.20032556), (26, 0.1960007), (10, 0.19548278), (52, 0.1924089), (50, 0.18716271), (70, 0.18475118), (5, 0.18416348), (73, 0.18240182), (78, 0.18169472), (60, 0.18097408), (54, 0.17921537), (34, 0.17779106), (39, 0.1763249), (36, 0.17329124), (58, 0.17215678), (28, 0.17181522), (8, 0.17100444), (13, 0.17043419), (61, 0.16816637), (15, 0.16786551), (81, 0.1670785), (16, 0.16599825), (69, 0.16359977), (66, 0.16354455), (48, 0.16064435), (22, 0.15633929), (11, 0.15312296), (80, 0.15217428), (72, 0.1521267), (41, 0.1512672), (4, 0.14591181), (63, 0.14548151), (67, 0.14427154), (79, 0.14108068), (30, 0.13923031), (75, 0.1379498), (76, 0.12732065), (46, 0.12536043), (14, 0.12319656), (83, 0.107736066), (20, 0.106302485), (53, 0.10423947), (77, 0.10384545), (37, 0.10288012), (49, 0.100169085), (64, 0.09928757), (32, 0.099129245), (40, 0.092192784), (24, 0.08908215), (82, 0.08531435), (84, 0.07976246), (44, 0.07877764), (62, 0.066420145), (42, 0.066382155), (57, 0.06451549), (31, 0.064397216), (71, 0.06396648), (23, 0.051493812), (65, 0.047689963), (29, 0.04599505), (68, 0.0455176), (27, 0.00984345)]",12,"[1, 17, 18, 3, 40, 4, 20, 24, 55, 5, 16, 35, 2, 46, 78, 81, 11, 29, 6, 36, 79, 19, 43, 12, 50, 38, 21, 27, 7, 75, 34, 22, 67, 13, 77, 74, 57, 9, 71, 33, 84, 62, 44, 66, 10, 58, 15, 56, 26, 53, 23, 47, 42, 64, 37, 51, 25, 31, 45, 32, 73, 76, 39, 41, 52, 65, 60, 83, 28, 8, 82, 72, 59, 30, 48, 70, 68, 63, 69, 49, 54, 61, 14, 80]",1,"1, 17, 18, 3, 40, 4, 20, 24, 55, 5","[12, 45, 2, 9, 55, 59, 1, 21, 74, 56, 17, -1, 6, 0, 35, 47, 7, 33, 38, 25, 51, 3, 43, 19, 18, 26, 10, 52, 50, 70, 5, 73, 78, 60, 54, 34, 39, 36, 58, 28, 8, 13, 61, 15, 81, 16, 69, 66, 48, 22, 11, 80, 72, 41, 4, 63, 67, 79, 30, 75, 76, 46, 14, 83, 20, 53, 77, 37, 49, 64, 32, 40, 24, 82, 84, 44, 62, 42, 57, 31, 71, 23, 65, 29, 68, 27]",24.0
2024-11-23,"[(60, 0.5756922), (0, 0.55705327), (-1, 0.52842706), (5, 0.50372356), (18, 0.48584223), (42, 0.48243728), (47, 0.478404), (45, 0.4782095), (1, 0.47783744), (59, 0.47101313), (9, 0.4703718), (22, 0.4542395), (10, 0.44390166), (49, 0.43331537), (25, 0.43255907), (80, 0.43116856), (3, 0.42579982), (37, 0.41767544), (69, 0.41475046), (8, 0.41417828), (74, 0.40578702), (55, 0.4057277), (4, 0.4056152), (50, 0.4045756), (62, 0.40271088), (63, 0.3978914), (48, 0.39472067), (76, 0.37648964), (79, 0.3755496), (46, 0.37174213), (33, 0.37070987), (16, 0.37027553), (7, 0.36685133), (53, 0.3650099), (30, 0.36444476), (73, 0.36038038), (82, 0.35333934), (56, 0.34965825), (28, 0.3390411), (17, 0.3368841), (66, 0.33029866), (78, 0.32863688), (35, 0.32487893), (51, 0.31037405), (52, 0.30947316), (31, 0.30521992), (19, 0.3046681), (43, 0.3028391), (24, 0.3025607), (11, 0.30199647), (26, 0.29926124), (6, 0.29743463), (12, 0.29652065), (13, 0.29650477), (54, 0.29441714), (72, 0.29262978), (61, 0.2922014), (81, 0.29088137), (15, 0.28169683), (21, 0.2794471), (70, 0.27447432), (2, 0.27240396), (14, 0.27097195), (38, 0.27037507), (29, 0.2701866), (65, 0.26462898), (23, 0.26313686), (58, 0.25870714), (32, 0.25709635), (75, 0.24964099), (77, 0.24833454), (71, 0.24382567), (41, 0.23787016), (57, 0.23464614), (68, 0.23171926), (34, 0.23086484), (39, 0.22254777), (83, 0.21191257), (36, 0.21033093), (84, 0.2051266), (40, 0.19521335), (67, 0.18986547), (64, 0.160002), (20, 0.1219767), (44, 0.11722747), (27, 0.031541176)]",60,"[1, 3, 20, 40, 46, 24, 4, 2, 55, 16, 81, 5, 10, 78, 36, 17, 11, 6, 35, 43, 9, 19, 67, 74, 27, 18, 12, 44, 38, 64, 21, 75, 84, 50, 7, 62, 57, 58, 34, 73, 15, 13, 45, 23, 33, 26, 77, 22, 53, 66, 39, 51, 79, 56, 52, 83, 71, 32, 76, 42, 25, 30, 60, 63, 31, 41, 28, 49, 61, 47, 68, 70, 72, 37, 82, 59, 54, 8, 65, 29, 69, 80, 14, 48]",1,"1, 3, 20, 40, 46, 24, 4, 2, 55, 16","[60, 0, -1, 5, 18, 42, 47, 45, 1, 59, 9, 22, 10, 49, 25, 80, 3, 37, 69, 8, 74, 55, 4, 50, 62, 63, 48, 76, 79, 46, 33, 16, 7, 53, 30, 73, 82, 56, 28, 17, 66, 78, 35, 51, 52, 31, 19, 43, 24, 11, 26, 6, 12, 13, 54, 72, 61, 81, 15, 21, 70, 2, 14, 38, 29, 65, 23, 58, 32, 75, 77, 71, 41, 57, 68, 34, 39, 83, 36, 84, 40, 67, 64, 20, 44, 27]",63.0
